{
  "k": 200,
  "max_descriptors": 200000,
  "nfeatures": 500,
  "svm_kernel": "linear",
  "C": 1.0,
  "gamma": "scale",
  "val_metrics": {
    "accuracy": 0.8255555555555556,
    "precision": 0.8277404921700223,
    "recall": 0.8222222222222222,
    "f1_score": 0.8249721293199554,
    "roc_auc": 0.908083950617284,
    "confusion_matrix": [
      [
        373,
        77
      ],
      [
        80,
        370
      ]
    ]
  },
  "test_metrics": {
    "accuracy": 0.7822222222222223,
    "precision": 0.7713675213675214,
    "recall": 0.8022222222222222,
    "f1_score": 0.7864923747276689,
    "roc_auc": 0.8799209876543209,
    "confusion_matrix": [
      [
        343,
        107
      ],
      [
        89,
        361
      ]
    ]
  }
}